cv_seed,fold,clone_id,held_out
42,0,90,True
42,0,141,True
42,0,301,True
42,0,327,True
42,0,506,True
42,0,609,True
42,0,633,True
42,0,659,True
42,0,693,True
42,0,697,True
42,0,716,True
42,0,737,True
42,0,831,True
42,0,892,True
42,0,1080,True
42,0,1113,True
42,0,1190,True
42,0,1380,True
42,0,1441,True
42,0,1448,True
42,0,1532,True
42,0,1582,True
42,0,1597,True
42,0,1614,True
42,0,1631,True
42,0,1667,True
42,0,1792,True
42,0,1828,True
42,0,1839,True
42,0,1861,True
42,0,1906,True
42,0,1920,True
42,0,1982,True
42,0,2150,True
42,0,2151,True
42,0,2196,True
42,0,2224,True
42,0,2255,True
42,0,2304,True
42,0,2319,True
42,0,2342,True
42,0,2349,True
42,0,2367,True
42,0,2402,True
42,0,2433,True
42,0,2440,True
42,0,2504,True
42,0,2542,True
42,0,2552,True
42,0,2600,True
42,0,2693,True
42,0,2744,True
42,0,2776,True
42,0,2806,True
42,0,2877,True
42,0,2891,True
42,0,2905,True
42,0,3016,True
42,0,3033,True
42,0,3046,True
42,0,3076,True
42,0,3087,True
42,0,3107,True
42,0,3117,True
42,0,3137,True
42,0,3140,True
42,0,3151,True
42,0,3196,True
42,0,3206,True
42,0,3230,True
42,0,3311,True
42,0,3324,True
42,0,3369,True
42,0,3378,True
42,0,3424,True
42,0,3469,True
42,0,3492,True
42,0,3529,True
42,0,3560,True
42,0,3612,True
42,0,3664,True
42,0,3867,True
42,0,3906,True
42,0,3910,True
42,0,3991,True
42,0,4011,True
42,0,4145,True
42,0,4195,True
42,0,4207,True
42,0,4258,True
42,0,4281,True
42,0,4287,True
42,0,4300,True
42,0,4396,True
42,0,4397,True
42,0,4419,True
42,0,4541,True
42,0,4549,True
42,0,4737,True
42,0,5072,True
42,0,5156,True
42,0,5626,True
42,0,5648,True
42,0,5773,True
42,1,15,True
42,1,163,True
42,1,190,True
42,1,210,True
42,1,212,True
42,1,277,True
42,1,346,True
42,1,435,True
42,1,522,True
42,1,606,True
42,1,650,True
42,1,680,True
42,1,794,True
42,1,802,True
42,1,825,True
42,1,843,True
42,1,865,True
42,1,888,True
42,1,996,True
42,1,998,True
42,1,1015,True
42,1,1041,True
42,1,1106,True
42,1,1332,True
42,1,1428,True
42,1,1587,True
42,1,1611,True
42,1,1626,True
42,1,1648,True
42,1,1884,True
42,1,1899,True
42,1,1913,True
42,1,1919,True
42,1,2037,True
42,1,2042,True
42,1,2047,True
42,1,2092,True
42,1,2190,True
42,1,2247,True
42,1,2311,True
42,1,2334,True
42,1,2431,True
42,1,2437,True
42,1,2634,True
42,1,2831,True
42,1,2868,True
42,1,2928,True
42,1,3004,True
42,1,3069,True
42,1,3097,True
42,1,3156,True
42,1,3165,True
42,1,3265,True
42,1,3339,True
42,1,3417,True
42,1,3504,True
42,1,3587,True
42,1,3654,True
42,1,3709,True
42,1,3869,True
42,1,3927,True
42,1,4034,True
42,1,4061,True
42,1,4095,True
42,1,4107,True
42,1,4115,True
42,1,4123,True
42,1,4150,True
42,1,4192,True
42,1,4248,True
42,1,4278,True
42,1,4286,True
42,1,4445,True
42,1,4488,True
42,1,4505,True
42,1,4512,True
42,1,4559,True
42,1,4613,True
42,1,4638,True
42,1,4647,True
42,1,4650,True
42,1,4658,True
42,1,4680,True
42,1,4836,True
42,1,4872,True
42,1,5012,True
42,1,5045,True
42,1,5091,True
42,1,5196,True
42,1,5206,True
42,1,5209,True
42,1,5265,True
42,1,5277,True
42,1,5281,True
42,1,5401,True
42,1,5405,True
42,1,5512,True
42,1,5605,True
42,1,5606,True
42,1,5643,True
42,1,5684,True
42,1,5772,True
42,1,5805,True
42,1,5806,True
42,2,2,True
42,2,67,True
42,2,82,True
42,2,125,True
42,2,191,True
42,2,213,True
42,2,284,True
42,2,352,True
42,2,417,True
42,2,448,True
42,2,529,True
42,2,544,True
42,2,582,True
42,2,636,True
42,2,673,True
42,2,721,True
42,2,748,True
42,2,754,True
42,2,755,True
42,2,776,True
42,2,830,True
42,2,922,True
42,2,1093,True
42,2,1149,True
42,2,1212,True
42,2,1312,True
42,2,1317,True
42,2,1343,True
42,2,1349,True
42,2,1416,True
42,2,1452,True
42,2,1453,True
42,2,1565,True
42,2,1595,True
42,2,1604,True
42,2,1691,True
42,2,1775,True
42,2,1929,True
42,2,2145,True
42,2,2191,True
42,2,2225,True
42,2,2284,True
42,2,2291,True
42,2,2466,True
42,2,2549,True
42,2,2650,True
42,2,2660,True
42,2,2688,True
42,2,2689,True
42,2,2712,True
42,2,2717,True
42,2,2782,True
42,2,2791,True
42,2,2862,True
42,2,3093,True
42,2,3136,True
42,2,3168,True
42,2,3207,True
42,2,3215,True
42,2,3291,True
42,2,3313,True
42,2,3408,True
42,2,3423,True
42,2,3425,True
42,2,3473,True
42,2,3530,True
42,2,3567,True
42,2,3569,True
42,2,3571,True
42,2,3638,True
42,2,3667,True
42,2,3733,True
42,2,3790,True
42,2,3801,True
42,2,3972,True
42,2,4184,True
42,2,4277,True
42,2,4323,True
42,2,4485,True
42,2,4543,True
42,2,4709,True
42,2,4812,True
42,2,4866,True
42,2,4897,True
42,2,5062,True
42,2,5075,True
42,2,5097,True
42,2,5155,True
42,2,5159,True
42,2,5182,True
42,2,5205,True
42,2,5278,True
42,2,5313,True
42,2,5411,True
42,2,5424,True
42,2,5461,True
42,2,5543,True
42,2,5547,True
42,2,5553,True
42,2,5563,True
42,2,5617,True
42,2,5663,True
42,2,5744,True
42,2,5752,True
42,3,21,True
42,3,134,True
42,3,155,True
42,3,283,True
42,3,338,True
42,3,343,True
42,3,354,True
42,3,375,True
42,3,415,True
42,3,427,True
42,3,521,True
42,3,591,True
42,3,647,True
42,3,684,True
42,3,704,True
42,3,932,True
42,3,1066,True
42,3,1157,True
42,3,1183,True
42,3,1219,True
42,3,1230,True
42,3,1234,True
42,3,1240,True
42,3,1260,True
42,3,1272,True
42,3,1299,True
42,3,1304,True
42,3,1527,True
42,3,1690,True
42,3,1736,True
42,3,1808,True
42,3,1909,True
42,3,1910,True
42,3,1915,True
42,3,1960,True
42,3,1962,True
42,3,1978,True
42,3,1985,True
42,3,2082,True
42,3,2115,True
42,3,2116,True
42,3,2158,True
42,3,2187,True
42,3,2379,True
42,3,2397,True
42,3,2404,True
42,3,2423,True
42,3,2429,True
42,3,2446,True
42,3,2448,True
42,3,2592,True
42,3,2618,True
42,3,2673,True
42,3,2733,True
42,3,2747,True
42,3,2919,True
42,3,3010,True
42,3,3134,True
42,3,3212,True
42,3,3284,True
42,3,3289,True
42,3,3372,True
42,3,3519,True
42,3,3595,True
42,3,3631,True
42,3,3663,True
42,3,3765,True
42,3,3767,True
42,3,3768,True
42,3,3830,True
42,3,3839,True
42,3,3964,True
42,3,3979,True
42,3,4004,True
42,3,4013,True
42,3,4102,True
42,3,4157,True
42,3,4256,True
42,3,4326,True
42,3,4344,True
42,3,4368,True
42,3,4412,True
42,3,4661,True
42,3,4708,True
42,3,4721,True
42,3,4778,True
42,3,5025,True
42,3,5070,True
42,3,5109,True
42,3,5129,True
42,3,5130,True
42,3,5233,True
42,3,5273,True
42,3,5385,True
42,3,5387,True
42,3,5413,True
42,3,5527,True
42,3,5591,True
42,3,5704,True
42,3,5709,True
42,3,5718,True
42,3,5725,True
42,3,5787,True
42,3,5803,True
42,4,38,True
42,4,56,True
42,4,201,True
42,4,308,True
42,4,333,True
42,4,336,True
42,4,407,True
42,4,431,True
42,4,557,True
42,4,567,True
42,4,593,True
42,4,614,True
42,4,625,True
42,4,641,True
42,4,701,True
42,4,712,True
42,4,720,True
42,4,724,True
42,4,781,True
42,4,958,True
42,4,979,True
42,4,982,True
42,4,1029,True
42,4,1062,True
42,4,1261,True
42,4,1339,True
42,4,1363,True
42,4,1528,True
42,4,1545,True
42,4,1551,True
42,4,1555,True
42,4,1557,True
42,4,1623,True
42,4,1841,True
42,4,1926,True
42,4,1984,True
42,4,1989,True
42,4,2005,True
42,4,2093,True
42,4,2217,True
42,4,2232,True
42,4,2258,True
42,4,2289,True
42,4,2296,True
42,4,2314,True
42,4,2333,True
42,4,2484,True
42,4,2569,True
42,4,2571,True
42,4,2577,True
42,4,2732,True
42,4,2811,True
42,4,2884,True
42,4,2939,True
42,4,2967,True
42,4,2998,True
42,4,3066,True
42,4,3080,True
42,4,3179,True
42,4,3227,True
42,4,3296,True
42,4,3301,True
42,4,3345,True
42,4,3364,True
42,4,3459,True
42,4,3485,True
42,4,3532,True
42,4,3558,True
42,4,3591,True
42,4,3603,True
42,4,3696,True
42,4,3762,True
42,4,3900,True
42,4,3959,True
42,4,4085,True
42,4,4087,True
42,4,4119,True
42,4,4141,True
42,4,4178,True
42,4,4190,True
42,4,4211,True
42,4,4304,True
42,4,4358,True
42,4,4408,True
42,4,4411,True
42,4,4517,True
42,4,4646,True
42,4,4674,True
42,4,4719,True
42,4,4868,True
42,4,4949,True
42,4,5005,True
42,4,5104,True
42,4,5138,True
42,4,5355,True
42,4,5419,True
42,4,5470,True
42,4,5490,True
42,4,5492,True
42,4,5672,True
42,4,5721,True
42,4,5764,True
42,4,5832,True
42,4,5850,True
43,0,155,True
43,0,201,True
43,0,407,True
43,0,415,True
43,0,448,True
43,0,544,True
43,0,557,True
43,0,614,True
43,0,647,True
43,0,650,True
43,0,673,True
43,0,684,True
43,0,721,True
43,0,802,True
43,0,843,True
43,0,922,True
43,0,1219,True
43,0,1261,True
43,0,1339,True
43,0,1349,True
43,0,1363,True
43,0,1527,True
43,0,1528,True
43,0,1551,True
43,0,1557,True
43,0,1565,True
43,0,1648,True
43,0,1808,True
43,0,1828,True
43,0,1906,True
43,0,1915,True
43,0,1960,True
43,0,2092,True
43,0,2115,True
43,0,2145,True
43,0,2311,True
43,0,2379,True
43,0,2397,True
43,0,2402,True
43,0,2433,True
43,0,2437,True
43,0,2446,True
43,0,2592,True
43,0,2618,True
43,0,2650,True
43,0,2689,True
43,0,2693,True
43,0,2732,True
43,0,2877,True
43,0,2891,True
43,0,2905,True
43,0,2928,True
43,0,3033,True
43,0,3066,True
43,0,3136,True
43,0,3137,True
43,0,3151,True
43,0,3212,True
43,0,3265,True
43,0,3378,True
43,0,3459,True
43,0,3469,True
43,0,3473,True
43,0,3519,True
43,0,3663,True
43,0,3667,True
43,0,3733,True
43,0,3765,True
43,0,3790,True
43,0,3801,True
43,0,3830,True
43,0,3839,True
43,0,3867,True
43,0,3910,True
43,0,4004,True
43,0,4011,True
43,0,4034,True
43,0,4119,True
43,0,4178,True
43,0,4184,True
43,0,4258,True
43,0,4281,True
43,0,4326,True
43,0,4344,True
43,0,4397,True
43,0,4408,True
43,0,4412,True
43,0,4419,True
43,0,4505,True
43,0,4650,True
43,0,4737,True
43,0,4872,True
43,0,5091,True
43,0,5109,True
43,0,5159,True
43,0,5196,True
43,0,5205,True
43,0,5277,True
43,0,5563,True
43,0,5648,True
43,0,5672,True
43,0,5725,True
43,0,5752,True
43,0,5805,True
43,1,15,True
43,1,56,True
43,1,82,True
43,1,191,True
43,1,212,True
43,1,213,True
43,1,283,True
43,1,336,True
43,1,354,True
43,1,431,True
43,1,435,True
43,1,567,True
43,1,636,True
43,1,659,True
43,1,701,True
43,1,704,True
43,1,754,True
43,1,755,True
43,1,781,True
43,1,831,True
43,1,892,True
43,1,932,True
43,1,998,True
43,1,1029,True
43,1,1080,True
43,1,1106,True
43,1,1113,True
43,1,1157,True
43,1,1190,True
43,1,1234,True
43,1,1343,True
43,1,1453,True
43,1,1532,True
43,1,1555,True
43,1,1736,True
43,1,1920,True
43,1,1926,True
43,1,1929,True
43,1,1962,True
43,1,2093,True
43,1,2151,True
43,1,2190,True
43,1,2247,True
43,1,2289,True
43,1,2291,True
43,1,2304,True
43,1,2404,True
43,1,2423,True
43,1,2440,True
43,1,2542,True
43,1,2712,True
43,1,2717,True
43,1,2831,True
43,1,2939,True
43,1,2998,True
43,1,3046,True
43,1,3076,True
43,1,3107,True
43,1,3206,True
43,1,3207,True
43,1,3215,True
43,1,3296,True
43,1,3372,True
43,1,3492,True
43,1,3558,True
43,1,3571,True
43,1,3591,True
43,1,3603,True
43,1,3631,True
43,1,3654,True
43,1,3768,True
43,1,3900,True
43,1,3906,True
43,1,3927,True
43,1,3959,True
43,1,3991,True
43,1,4013,True
43,1,4085,True
43,1,4141,True
43,1,4211,True
43,1,4278,True
43,1,4323,True
43,1,4358,True
43,1,4368,True
43,1,4396,True
43,1,4411,True
43,1,4485,True
43,1,4613,True
43,1,4638,True
43,1,4719,True
43,1,4721,True
43,1,4778,True
43,1,4866,True
43,1,4949,True
43,1,5045,True
43,1,5129,True
43,1,5155,True
43,1,5156,True
43,1,5265,True
43,1,5461,True
43,1,5606,True
43,1,5663,True
43,1,5718,True
43,1,5773,True
43,2,2,True
43,2,67,True
43,2,90,True
43,2,125,True
43,2,190,True
43,2,301,True
43,2,343,True
43,2,375,True
43,2,417,True
43,2,427,True
43,2,521,True
43,2,529,True
43,2,693,True
43,2,716,True
43,2,825,True
43,2,982,True
43,2,996,True
43,2,1062,True
43,2,1260,True
43,2,1299,True
43,2,1332,True
43,2,1380,True
43,2,1441,True
43,2,1587,True
43,2,1595,True
43,2,1614,True
43,2,1631,True
43,2,1667,True
43,2,1691,True
43,2,1775,True
43,2,1984,True
43,2,1985,True
43,2,2037,True
43,2,2047,True
43,2,2116,True
43,2,2158,True
43,2,2196,True
43,2,2225,True
43,2,2232,True
43,2,2367,True
43,2,2429,True
43,2,2448,True
43,2,2549,True
43,2,2733,True
43,2,2806,True
43,2,2884,True
43,2,2967,True
43,2,3069,True
43,2,3117,True
43,2,3134,True
43,2,3156,True
43,2,3165,True
43,2,3196,True
43,2,3230,True
43,2,3291,True
43,2,3345,True
43,2,3364,True
43,2,3424,True
43,2,3485,True
43,2,3504,True
43,2,3530,True
43,2,3567,True
43,2,3638,True
43,2,3664,True
43,2,3709,True
43,2,3767,True
43,2,3972,True
43,2,3979,True
43,2,4087,True
43,2,4107,True
43,2,4115,True
43,2,4145,True
43,2,4150,True
43,2,4157,True
43,2,4190,True
43,2,4192,True
43,2,4207,True
43,2,4248,True
43,2,4286,True
43,2,4517,True
43,2,4541,True
43,2,4543,True
43,2,4549,True
43,2,4674,True
43,2,4709,True
43,2,4812,True
43,2,4868,True
43,2,5025,True
43,2,5062,True
43,2,5097,True
43,2,5130,True
43,2,5182,True
43,2,5206,True
43,2,5209,True
43,2,5273,True
43,2,5278,True
43,2,5355,True
43,2,5387,True
43,2,5424,True
43,2,5617,True
43,2,5626,True
43,2,5643,True
43,2,5704,True
43,2,5832,True
43,3,21,True
43,3,163,True
43,3,284,True
43,3,333,True
43,3,346,True
43,3,506,True
43,3,522,True
43,3,582,True
43,3,593,True
43,3,641,True
43,3,697,True
43,3,712,True
43,3,748,True
43,3,794,True
43,3,865,True
43,3,958,True
43,3,979,True
43,3,1015,True
43,3,1093,True
43,3,1183,True
43,3,1230,True
43,3,1240,True
43,3,1304,True
43,3,1317,True
43,3,1428,True
43,3,1448,True
43,3,1452,True
43,3,1545,True
43,3,1582,True
43,3,1597,True
43,3,1604,True
43,3,1611,True
43,3,1626,True
43,3,1792,True
43,3,1839,True
43,3,1861,True
43,3,1884,True
43,3,1899,True
43,3,1909,True
43,3,1910,True
43,3,1982,True
43,3,1989,True
43,3,2005,True
43,3,2082,True
43,3,2150,True
43,3,2191,True
43,3,2217,True
43,3,2224,True
43,3,2255,True
43,3,2258,True
43,3,2296,True
43,3,2314,True
43,3,2319,True
43,3,2334,True
43,3,2431,True
43,3,2466,True
43,3,2484,True
43,3,2552,True
43,3,2569,True
43,3,2571,True
43,3,2577,True
43,3,2634,True
43,3,2688,True
43,3,2744,True
43,3,2782,True
43,3,2791,True
43,3,2862,True
43,3,3004,True
43,3,3010,True
43,3,3087,True
43,3,3168,True
43,3,3311,True
43,3,3313,True
43,3,3324,True
43,3,3408,True
43,3,3532,True
43,3,3569,True
43,3,3696,True
43,3,3964,True
43,3,4061,True
43,3,4102,True
43,3,4287,True
43,3,4304,True
43,3,4559,True
43,3,4647,True
43,3,4658,True
43,3,4680,True
43,3,4836,True
43,3,4897,True
43,3,5012,True
43,3,5070,True
43,3,5233,True
43,3,5313,True
43,3,5401,True
43,3,5405,True
43,3,5411,True
43,3,5419,True
43,3,5490,True
43,3,5512,True
43,3,5543,True
43,3,5547,True
43,3,5605,True
43,3,5744,True
43,3,5772,True
43,4,38,True
43,4,134,True
43,4,141,True
43,4,210,True
43,4,277,True
43,4,308,True
43,4,327,True
43,4,338,True
43,4,352,True
43,4,591,True
43,4,606,True
43,4,609,True
43,4,625,True
43,4,633,True
43,4,680,True
43,4,720,True
43,4,724,True
43,4,737,True
43,4,776,True
43,4,830,True
43,4,888,True
43,4,1041,True
43,4,1066,True
43,4,1149,True
43,4,1212,True
43,4,1272,True
43,4,1312,True
43,4,1416,True
43,4,1623,True
43,4,1690,True
43,4,1841,True
43,4,1913,True
43,4,1919,True
43,4,1978,True
43,4,2042,True
43,4,2187,True
43,4,2284,True
43,4,2333,True
43,4,2342,True
43,4,2349,True
43,4,2504,True
43,4,2600,True
43,4,2660,True
43,4,2673,True
43,4,2747,True
43,4,2776,True
43,4,2811,True
43,4,2868,True
43,4,2919,True
43,4,3016,True
43,4,3080,True
43,4,3093,True
43,4,3097,True
43,4,3140,True
43,4,3179,True
43,4,3227,True
43,4,3284,True
43,4,3289,True
43,4,3301,True
43,4,3339,True
43,4,3369,True
43,4,3417,True
43,4,3423,True
43,4,3425,True
43,4,3529,True
43,4,3560,True
43,4,3587,True
43,4,3595,True
43,4,3612,True
43,4,3762,True
43,4,3869,True
43,4,4095,True
43,4,4123,True
43,4,4195,True
43,4,4256,True
43,4,4277,True
43,4,4300,True
43,4,4445,True
43,4,4488,True
43,4,4512,True
43,4,4646,True
43,4,4661,True
43,4,4708,True
43,4,5005,True
43,4,5072,True
43,4,5075,True
43,4,5104,True
43,4,5138,True
43,4,5281,True
43,4,5385,True
43,4,5413,True
43,4,5470,True
43,4,5492,True
43,4,5527,True
43,4,5553,True
43,4,5591,True
43,4,5684,True
43,4,5709,True
43,4,5721,True
43,4,5764,True
43,4,5787,True
43,4,5803,True
43,4,5806,True
43,4,5850,True
44,0,125,True
44,0,354,True
44,0,521,True
44,0,522,True
44,0,529,True
44,0,582,True
44,0,591,True
44,0,593,True
44,0,609,True
44,0,641,True
44,0,650,True
44,0,693,True
44,0,701,True
44,0,724,True
44,0,754,True
44,0,843,True
44,0,865,True
44,0,958,True
44,0,979,True
44,0,982,True
44,0,1015,True
44,0,1106,True
44,0,1149,True
44,0,1190,True
44,0,1230,True
44,0,1240,True
44,0,1299,True
44,0,1416,True
44,0,1428,True
44,0,1545,True
44,0,1614,True
44,0,1626,True
44,0,1736,True
44,0,1839,True
44,0,1920,True
44,0,1926,True
44,0,1982,True
44,0,2150,True
44,0,2196,True
44,0,2225,True
44,0,2247,True
44,0,2255,True
44,0,2319,True
44,0,2367,True
44,0,2397,True
44,0,2404,True
44,0,2431,True
44,0,2634,True
44,0,2673,True
44,0,2717,True
44,0,2733,True
44,0,2782,True
44,0,2811,True
44,0,2891,True
44,0,2905,True
44,0,2939,True
44,0,2967,True
44,0,3087,True
44,0,3134,True
44,0,3151,True
44,0,3168,True
44,0,3179,True
44,0,3296,True
44,0,3417,True
44,0,3423,True
44,0,3504,True
44,0,3529,True
44,0,3603,True
44,0,3663,True
44,0,3762,True
44,0,3839,True
44,0,3869,True
44,0,3959,True
44,0,4085,True
44,0,4115,True
44,0,4141,True
44,0,4145,True
44,0,4256,True
44,0,4258,True
44,0,4278,True
44,0,4287,True
44,0,4300,True
44,0,4358,True
44,0,4485,True
44,0,4541,True
44,0,4658,True
44,0,4661,True
44,0,4709,True
44,0,4721,True
44,0,4737,True
44,0,4836,True
44,0,5045,True
44,0,5075,True
44,0,5091,True
44,0,5156,True
44,0,5159,True
44,0,5205,True
44,0,5313,True
44,0,5385,True
44,0,5401,True
44,0,5419,True
44,0,5617,True
44,0,5709,True
44,0,5805,True
44,1,21,True
44,1,38,True
44,1,56,True
44,1,134,True
44,1,141,True
44,1,155,True
44,1,201,True
44,1,212,True
44,1,327,True
44,1,336,True
44,1,338,True
44,1,346,True
44,1,427,True
44,1,435,True
44,1,506,True
44,1,557,True
44,1,614,True
44,1,625,True
44,1,647,True
44,1,659,True
44,1,684,True
44,1,781,True
44,1,825,True
44,1,830,True
44,1,888,True
44,1,892,True
44,1,922,True
44,1,1041,True
44,1,1062,True
44,1,1066,True
44,1,1080,True
44,1,1452,True
44,1,1551,True
44,1,1595,True
44,1,1623,True
44,1,1691,True
44,1,1775,True
44,1,1978,True
44,1,1984,True
44,1,2037,True
44,1,2042,True
44,1,2047,True
44,1,2258,True
44,1,2304,True
44,1,2334,True
44,1,2379,True
44,1,2433,True
44,1,2440,True
44,1,2484,True
44,1,2592,True
44,1,2747,True
44,1,2791,True
44,1,2877,True
44,1,3004,True
44,1,3033,True
44,1,3069,True
44,1,3136,True
44,1,3265,True
44,1,3301,True
44,1,3313,True
44,1,3345,True
44,1,3408,True
44,1,3469,True
44,1,3530,True
44,1,3558,True
44,1,3631,True
44,1,3696,True
44,1,3733,True
44,1,3767,True
44,1,3867,True
44,1,3910,True
44,1,3991,True
44,1,4034,True
44,1,4087,True
44,1,4095,True
44,1,4102,True
44,1,4192,True
44,1,4195,True
44,1,4211,True
44,1,4286,True
44,1,4344,True
44,1,4445,True
44,1,4488,True
44,1,4512,True
44,1,4543,True
44,1,4613,True
44,1,4646,True
44,1,4897,True
44,1,5072,True
44,1,5138,True
44,1,5155,True
44,1,5209,True
44,1,5233,True
44,1,5281,True
44,1,5461,True
44,1,5490,True
44,1,5605,True
44,1,5606,True
44,1,5643,True
44,1,5648,True
44,1,5672,True
44,1,5718,True
44,1,5744,True
44,1,5850,True
44,2,2,True
44,2,82,True
44,2,277,True
44,2,301,True
44,2,407,True
44,2,415,True
44,2,431,True
44,2,448,True
44,2,544,True
44,2,567,True
44,2,680,True
44,2,697,True
44,2,794,True
44,2,802,True
44,2,831,True
44,2,932,True
44,2,996,True
44,2,1212,True
44,2,1219,True
44,2,1261,True
44,2,1272,True
44,2,1304,True
44,2,1312,True
44,2,1380,True
44,2,1453,True
44,2,1555,True
44,2,1582,True
44,2,1597,True
44,2,1648,True
44,2,1667,True
44,2,1841,True
44,2,1899,True
44,2,1915,True
44,2,1919,True
44,2,1960,True
44,2,2005,True
44,2,2093,True
44,2,2284,True
44,2,2291,True
44,2,2448,True
44,2,2542,True
44,2,2569,True
44,2,2571,True
44,2,2618,True
44,2,2650,True
44,2,2688,True
44,2,2732,True
44,2,2744,True
44,2,2806,True
44,2,2868,True
44,2,3016,True
44,2,3066,True
44,2,3093,True
44,2,3107,True
44,2,3117,True
44,2,3206,True
44,2,3207,True
44,2,3215,True
44,2,3284,True
44,2,3289,True
44,2,3291,True
44,2,3311,True
44,2,3324,True
44,2,3339,True
44,2,3364,True
44,2,3369,True
44,2,3519,True
44,2,3532,True
44,2,3664,True
44,2,3801,True
44,2,3900,True
44,2,3906,True
44,2,3927,True
44,2,3979,True
44,2,4004,True
44,2,4061,True
44,2,4119,True
44,2,4123,True
44,2,4157,True
44,2,4184,True
44,2,4190,True
44,2,4323,True
44,2,4419,True
44,2,4505,True
44,2,4549,True
44,2,4674,True
44,2,4708,True
44,2,4719,True
44,2,4778,True
44,2,4866,True
44,2,4868,True
44,2,4949,True
44,2,5097,True
44,2,5104,True
44,2,5411,True
44,2,5424,True
44,2,5547,True
44,2,5553,True
44,2,5663,True
44,2,5725,True
44,2,5752,True
44,2,5787,True
44,2,5806,True
44,2,5832,True
44,3,67,True
44,3,163,True
44,3,190,True
44,3,210,True
44,3,213,True
44,3,283,True
44,3,352,True
44,3,417,True
44,3,633,True
44,3,673,True
44,3,712,True
44,3,737,True
44,3,776,True
44,3,998,True
44,3,1029,True
44,3,1093,True
44,3,1157,True
44,3,1183,True
44,3,1234,True
44,3,1260,True
44,3,1363,True
44,3,1448,True
44,3,1532,True
44,3,1565,True
44,3,1587,True
44,3,1611,True
44,3,1690,True
44,3,1792,True
44,3,1828,True
44,3,1906,True
44,3,1909,True
44,3,1910,True
44,3,1962,True
44,3,2116,True
44,3,2151,True
44,3,2187,True
44,3,2224,True
44,3,2311,True
44,3,2333,True
44,3,2446,True
44,3,2466,True
44,3,2549,True
44,3,2577,True
44,3,2712,True
44,3,2776,True
44,3,2831,True
44,3,2862,True
44,3,3080,True
44,3,3137,True
44,3,3140,True
44,3,3156,True
44,3,3196,True
44,3,3372,True
44,3,3378,True
44,3,3473,True
44,3,3485,True
44,3,3492,True
44,3,3567,True
44,3,3571,True
44,3,3587,True
44,3,3591,True
44,3,3595,True
44,3,3612,True
44,3,3667,True
44,3,3709,True
44,3,3765,True
44,3,3790,True
44,3,3830,True
44,3,3964,True
44,3,3972,True
44,3,4011,True
44,3,4013,True
44,3,4150,True
44,3,4178,True
44,3,4277,True
44,3,4281,True
44,3,4304,True
44,3,4326,True
44,3,4396,True
44,3,4397,True
44,3,4408,True
44,3,4517,True
44,3,4559,True
44,3,4638,True
44,3,4650,True
44,3,4812,True
44,3,4872,True
44,3,5005,True
44,3,5012,True
44,3,5025,True
44,3,5062,True
44,3,5070,True
44,3,5129,True
44,3,5130,True
44,3,5182,True
44,3,5278,True
44,3,5405,True
44,3,5470,True
44,3,5492,True
44,3,5563,True
44,3,5591,True
44,3,5721,True
44,3,5764,True
44,3,5803,True
44,4,15,True
44,4,90,True
44,4,191,True
44,4,284,True
44,4,308,True
44,4,333,True
44,4,343,True
44,4,375,True
44,4,606,True
44,4,636,True
44,4,704,True
44,4,716,True
44,4,720,True
44,4,721,True
44,4,748,True
44,4,755,True
44,4,1113,True
44,4,1317,True
44,4,1332,True
44,4,1339,True
44,4,1343,True
44,4,1349,True
44,4,1441,True
44,4,1527,True
44,4,1528,True
44,4,1557,True
44,4,1604,True
44,4,1631,True
44,4,1808,True
44,4,1861,True
44,4,1884,True
44,4,1913,True
44,4,1929,True
44,4,1985,True
44,4,1989,True
44,4,2082,True
44,4,2092,True
44,4,2115,True
44,4,2145,True
44,4,2158,True
44,4,2190,True
44,4,2191,True
44,4,2217,True
44,4,2232,True
44,4,2289,True
44,4,2296,True
44,4,2314,True
44,4,2342,True
44,4,2349,True
44,4,2402,True
44,4,2423,True
44,4,2429,True
44,4,2437,True
44,4,2504,True
44,4,2552,True
44,4,2600,True
44,4,2660,True
44,4,2689,True
44,4,2693,True
44,4,2884,True
44,4,2919,True
44,4,2928,True
44,4,2998,True
44,4,3010,True
44,4,3046,True
44,4,3076,True
44,4,3097,True
44,4,3165,True
44,4,3212,True
44,4,3227,True
44,4,3230,True
44,4,3424,True
44,4,3425,True
44,4,3459,True
44,4,3560,True
44,4,3569,True
44,4,3638,True
44,4,3654,True
44,4,3768,True
44,4,4107,True
44,4,4207,True
44,4,4248,True
44,4,4368,True
44,4,4411,True
44,4,4412,True
44,4,4647,True
44,4,4680,True
44,4,5109,True
44,4,5196,True
44,4,5206,True
44,4,5265,True
44,4,5273,True
44,4,5277,True
44,4,5355,True
44,4,5387,True
44,4,5413,True
44,4,5512,True
44,4,5527,True
44,4,5543,True
44,4,5626,True
44,4,5684,True
44,4,5704,True
44,4,5772,True
44,4,5773,True
45,0,15,True
45,0,125,True
45,0,134,True
45,0,163,True
45,0,201,True
45,0,210,True
45,0,277,True
45,0,352,True
45,0,415,True
45,0,544,True
45,0,582,True
45,0,591,True
45,0,776,True
45,0,830,True
45,0,888,True
45,0,1015,True
45,0,1062,True
45,0,1157,True
45,0,1183,True
45,0,1190,True
45,0,1219,True
45,0,1343,True
45,0,1452,True
45,0,1527,True
45,0,1555,True
45,0,1557,True
45,0,1597,True
45,0,1604,True
45,0,1631,True
45,0,1648,True
45,0,1690,True
45,0,1691,True
45,0,1736,True
45,0,1861,True
45,0,1913,True
45,0,1926,True
45,0,2116,True
45,0,2151,True
45,0,2217,True
45,0,2311,True
45,0,2437,True
45,0,2484,True
45,0,2571,True
45,0,2577,True
45,0,2634,True
45,0,2650,True
45,0,2776,True
45,0,2791,True
45,0,2862,True
45,0,2877,True
45,0,2891,True
45,0,3004,True
45,0,3066,True
45,0,3117,True
45,0,3151,True
45,0,3165,True
45,0,3179,True
45,0,3212,True
45,0,3227,True
45,0,3284,True
45,0,3289,True
45,0,3313,True
45,0,3378,True
45,0,3529,True
45,0,3560,True
45,0,3667,True
45,0,3790,True
45,0,3801,True
45,0,3869,True
45,0,3906,True
45,0,3910,True
45,0,3964,True
45,0,4087,True
45,0,4095,True
45,0,4123,True
45,0,4150,True
45,0,4157,True
45,0,4184,True
45,0,4190,True
45,0,4195,True
45,0,4248,True
45,0,4258,True
45,0,4344,True
45,0,4396,True
45,0,4408,True
45,0,4445,True
45,0,4485,True
45,0,4505,True
45,0,4543,True
45,0,4647,True
45,0,4661,True
45,0,4872,True
45,0,5025,True
45,0,5097,True
45,0,5159,True
45,0,5355,True
45,0,5411,True
45,0,5470,True
45,0,5512,True
45,0,5617,True
45,0,5626,True
45,0,5718,True
45,0,5803,True
45,0,5805,True
45,1,38,True
45,1,56,True
45,1,283,True
45,1,338,True
45,1,343,True
45,1,431,True
45,1,435,True
45,1,506,True
45,1,529,True
45,1,693,True
45,1,712,True
45,1,724,True
45,1,843,True
45,1,865,True
45,1,892,True
45,1,979,True
45,1,996,True
45,1,1029,True
45,1,1093,True
45,1,1212,True
45,1,1299,True
45,1,1312,True
45,1,1441,True
45,1,1448,True
45,1,1587,True
45,1,1626,True
45,1,1828,True
45,1,1841,True
45,1,1884,True
45,1,1920,True
45,1,2005,True
45,1,2187,True
45,1,2190,True
45,1,2225,True
45,1,2232,True
45,1,2284,True
45,1,2291,True
45,1,2296,True
45,1,2333,True
45,1,2367,True
45,1,2379,True
45,1,2429,True
45,1,2431,True
45,1,2440,True
45,1,2549,True
45,1,2592,True
45,1,2660,True
45,1,2712,True
45,1,2732,True
45,1,2744,True
45,1,2747,True
45,1,2919,True
45,1,3076,True
45,1,3136,True
45,1,3156,True
45,1,3206,True
45,1,3207,True
45,1,3301,True
45,1,3324,True
45,1,3369,True
45,1,3469,True
45,1,3473,True
45,1,3504,True
45,1,3595,True
45,1,3663,True
45,1,3762,True
45,1,3765,True
45,1,3767,True
45,1,3839,True
45,1,3900,True
45,1,3972,True
45,1,4004,True
45,1,4013,True
45,1,4061,True
45,1,4107,True
45,1,4192,True
45,1,4207,True
45,1,4256,True
45,1,4300,True
45,1,4368,True
45,1,4397,True
45,1,4419,True
45,1,4488,True
45,1,4512,True
45,1,4517,True
45,1,4638,True
45,1,4658,True
45,1,4680,True
45,1,4708,True
45,1,4737,True
45,1,5424,True
45,1,5490,True
45,1,5492,True
45,1,5527,True
45,1,5648,True
45,1,5709,True
45,1,5721,True
45,1,5744,True
45,1,5752,True
45,1,5764,True
45,1,5772,True
45,1,5773,True
45,1,5787,True
45,1,5832,True
45,2,2,True
45,2,21,True
45,2,67,True
45,2,155,True
45,2,212,True
45,2,213,True
45,2,336,True
45,2,346,True
45,2,407,True
45,2,417,True
45,2,448,True
45,2,557,True
45,2,633,True
45,2,697,True
45,2,716,True
45,2,720,True
45,2,755,True
45,2,982,True
45,2,1113,True
45,2,1149,True
45,2,1230,True
45,2,1332,True
45,2,1349,True
45,2,1363,True
45,2,1551,True
45,2,1565,True
45,2,1595,True
45,2,1614,True
45,2,1667,True
45,2,1775,True
45,2,1839,True
45,2,1960,True
45,2,2115,True
45,2,2145,True
45,2,2158,True
45,2,2289,True
45,2,2304,True
45,2,2342,True
45,2,2349,True
45,2,2446,True
45,2,2542,True
45,2,2552,True
45,2,2569,True
45,2,2733,True
45,2,2782,True
45,2,2811,True
45,2,2831,True
45,2,2928,True
45,2,2998,True
45,2,3016,True
45,2,3069,True
45,2,3140,True
45,2,3215,True
45,2,3230,True
45,2,3291,True
45,2,3345,True
45,2,3372,True
45,2,3408,True
45,2,3417,True
45,2,3519,True
45,2,3571,True
45,2,3587,True
45,2,3612,True
45,2,3664,True
45,2,3696,True
45,2,3709,True
45,2,3768,True
45,2,3867,True
45,2,3927,True
45,2,4034,True
45,2,4119,True
45,2,4145,True
45,2,4178,True
45,2,4211,True
45,2,4278,True
45,2,4323,True
45,2,4326,True
45,2,4358,True
45,2,4549,True
45,2,4646,True
45,2,4650,True
45,2,4674,True
45,2,4719,True
45,2,4778,True
45,2,4812,True
45,2,4866,True
45,2,4897,True
45,2,5062,True
45,2,5070,True
45,2,5072,True
45,2,5109,True
45,2,5138,True
45,2,5155,True
45,2,5205,True
45,2,5206,True
45,2,5233,True
45,2,5265,True
45,2,5273,True
45,2,5281,True
45,2,5413,True
45,2,5419,True
45,2,5605,True
45,2,5684,True
45,2,5704,True
45,3,141,True
45,3,191,True
45,3,308,True
45,3,333,True
45,3,375,True
45,3,427,True
45,3,522,True
45,3,609,True
45,3,625,True
45,3,641,True
45,3,647,True
45,3,673,True
45,3,684,True
45,3,721,True
45,3,737,True
45,3,748,True
45,3,754,True
45,3,781,True
45,3,794,True
45,3,825,True
45,3,831,True
45,3,922,True
45,3,932,True
45,3,998,True
45,3,1041,True
45,3,1080,True
45,3,1240,True
45,3,1261,True
45,3,1317,True
45,3,1339,True
45,3,1428,True
45,3,1528,True
45,3,1532,True
45,3,1611,True
45,3,1623,True
45,3,1792,True
45,3,1808,True
45,3,1899,True
45,3,1906,True
45,3,1978,True
45,3,1985,True
45,3,1989,True
45,3,2037,True
45,3,2042,True
45,3,2047,True
45,3,2150,True
45,3,2196,True
45,3,2224,True
45,3,2334,True
45,3,2504,True
45,3,2673,True
45,3,2693,True
45,3,2806,True
45,3,2868,True
45,3,2884,True
45,3,2967,True
45,3,3033,True
45,3,3080,True
45,3,3087,True
45,3,3097,True
45,3,3107,True
45,3,3137,True
45,3,3168,True
45,3,3196,True
45,3,3265,True
45,3,3311,True
45,3,3339,True
45,3,3423,True
45,3,3459,True
45,3,3530,True
45,3,3569,True
45,3,3591,True
45,3,3603,True
45,3,3654,True
45,3,3959,True
45,3,3991,True
45,3,4115,True
45,3,4141,True
45,3,4304,True
45,3,4411,True
45,3,4412,True
45,3,4559,True
45,3,4613,True
45,3,4836,True
45,3,4868,True
45,3,4949,True
45,3,5005,True
45,3,5045,True
45,3,5075,True
45,3,5091,True
45,3,5129,True
45,3,5182,True
45,3,5313,True
45,3,5387,True
45,3,5401,True
45,3,5405,True
45,3,5461,True
45,3,5563,True
45,3,5591,True
45,3,5606,True
45,3,5643,True
45,3,5663,True
45,3,5672,True
45,3,5725,True
45,4,82,True
45,4,90,True
45,4,190,True
45,4,284,True
45,4,301,True
45,4,327,True
45,4,354,True
45,4,521,True
45,4,567,True
45,4,593,True
45,4,606,True
45,4,614,True
45,4,636,True
45,4,650,True
45,4,659,True
45,4,680,True
45,4,701,True
45,4,704,True
45,4,802,True
45,4,958,True
45,4,1066,True
45,4,1106,True
45,4,1234,True
45,4,1260,True
45,4,1272,True
45,4,1304,True
45,4,1380,True
45,4,1416,True
45,4,1453,True
45,4,1545,True
45,4,1582,True
45,4,1909,True
45,4,1910,True
45,4,1915,True
45,4,1919,True
45,4,1929,True
45,4,1962,True
45,4,1982,True
45,4,1984,True
45,4,2082,True
45,4,2092,True
45,4,2093,True
45,4,2191,True
45,4,2247,True
45,4,2255,True
45,4,2258,True
45,4,2314,True
45,4,2319,True
45,4,2397,True
45,4,2402,True
45,4,2404,True
45,4,2423,True
45,4,2433,True
45,4,2448,True
45,4,2466,True
45,4,2600,True
45,4,2618,True
45,4,2688,True
45,4,2689,True
45,4,2717,True
45,4,2905,True
45,4,2939,True
45,4,3010,True
45,4,3046,True
45,4,3093,True
45,4,3134,True
45,4,3296,True
45,4,3364,True
45,4,3424,True
45,4,3425,True
45,4,3485,True
45,4,3492,True
45,4,3532,True
45,4,3558,True
45,4,3567,True
45,4,3631,True
45,4,3638,True
45,4,3733,True
45,4,3830,True
45,4,3979,True
45,4,4011,True
45,4,4085,True
45,4,4102,True
45,4,4277,True
45,4,4281,True
45,4,4286,True
45,4,4287,True
45,4,4541,True
45,4,4709,True
45,4,4721,True
45,4,5012,True
45,4,5104,True
45,4,5130,True
45,4,5156,True
45,4,5196,True
45,4,5209,True
45,4,5277,True
45,4,5278,True
45,4,5385,True
45,4,5543,True
45,4,5547,True
45,4,5553,True
45,4,5806,True
45,4,5850,True
46,0,15,True
46,0,125,True
46,0,190,True
46,0,283,True
46,0,301,True
46,0,506,True
46,0,522,True
46,0,567,True
46,0,582,True
46,0,636,True
46,0,720,True
46,0,754,True
46,0,755,True
46,0,794,True
46,0,888,True
46,0,922,True
46,0,998,True
46,0,1015,True
46,0,1106,True
46,0,1219,True
46,0,1230,True
46,0,1234,True
46,0,1260,True
46,0,1312,True
46,0,1317,True
46,0,1428,True
46,0,1448,True
46,0,1452,True
46,0,1528,True
46,0,1545,True
46,0,1667,True
46,0,1899,True
46,0,1913,True
46,0,1919,True
46,0,1984,True
46,0,1985,True
46,0,2037,True
46,0,2092,True
46,0,2093,True
46,0,2150,True
46,0,2151,True
46,0,2158,True
46,0,2190,True
46,0,2314,True
46,0,2349,True
46,0,2433,True
46,0,2466,True
46,0,2569,True
46,0,2577,True
46,0,2733,True
46,0,2782,True
46,0,2928,True
46,0,3033,True
46,0,3087,True
46,0,3107,True
46,0,3117,True
46,0,3134,True
46,0,3156,True
46,0,3168,True
46,0,3196,True
46,0,3227,True
46,0,3265,True
46,0,3301,True
46,0,3408,True
46,0,3459,True
46,0,3530,True
46,0,3587,True
46,0,3595,True
46,0,3612,True
46,0,3667,True
46,0,3927,True
46,0,4011,True
46,0,4119,True
46,0,4150,True
46,0,4256,True
46,0,4281,True
46,0,4286,True
46,0,4326,True
46,0,4408,True
46,0,4445,True
46,0,4485,True
46,0,4488,True
46,0,4505,True
46,0,4512,True
46,0,4549,True
46,0,4708,True
46,0,4836,True
46,0,4866,True
46,0,5062,True
46,0,5075,True
46,0,5129,True
46,0,5130,True
46,0,5155,True
46,0,5233,True
46,0,5265,True
46,0,5273,True
46,0,5461,True
46,0,5512,True
46,0,5591,True
46,0,5684,True
46,0,5709,True
46,0,5721,True
46,0,5725,True
46,0,5773,True
46,1,2,True
46,1,67,True
46,1,82,True
46,1,191,True
46,1,336,True
46,1,417,True
46,1,435,True
46,1,557,True
46,1,591,True
46,1,593,True
46,1,606,True
46,1,614,True
46,1,659,True
46,1,680,True
46,1,684,True
46,1,697,True
46,1,724,True
46,1,843,True
46,1,932,True
46,1,1066,True
46,1,1093,True
46,1,1183,True
46,1,1261,True
46,1,1272,True
46,1,1304,True
46,1,1332,True
46,1,1349,True
46,1,1416,True
46,1,1532,True
46,1,1551,True
46,1,1555,True
46,1,1582,True
46,1,1648,True
46,1,1736,True
46,1,1808,True
46,1,1841,True
46,1,1982,True
46,1,2005,True
46,1,2224,True
46,1,2225,True
46,1,2255,True
46,1,2258,True
46,1,2342,True
46,1,2397,True
46,1,2431,True
46,1,2484,True
46,1,2542,True
46,1,2552,True
46,1,2660,True
46,1,2688,True
46,1,2693,True
46,1,2811,True
46,1,2884,True
46,1,3016,True
46,1,3076,True
46,1,3136,True
46,1,3206,True
46,1,3230,True
46,1,3296,True
46,1,3345,True
46,1,3364,True
46,1,3378,True
46,1,3424,True
46,1,3529,True
46,1,3532,True
46,1,3654,True
46,1,3696,True
46,1,3768,True
46,1,3790,True
46,1,3839,True
46,1,3959,True
46,1,3979,True
46,1,4087,True
46,1,4115,True
46,1,4123,True
46,1,4141,True
46,1,4190,True
46,1,4277,True
46,1,4287,True
46,1,4300,True
46,1,4368,True
46,1,4419,True
46,1,4517,True
46,1,4543,True
46,1,4658,True
46,1,4674,True
46,1,4709,True
46,1,4721,True
46,1,4872,True
46,1,5070,True
46,1,5104,True
46,1,5138,True
46,1,5159,True
46,1,5182,True
46,1,5209,True
46,1,5405,True
46,1,5419,True
46,1,5490,True
46,1,5527,True
46,1,5563,True
46,1,5643,True
46,1,5764,True
46,1,5787,True
46,1,5805,True
46,2,21,True
46,2,56,True
46,2,141,True
46,2,201,True
46,2,210,True
46,2,333,True
46,2,343,True
46,2,352,True
46,2,427,True
46,2,529,True
46,2,625,True
46,2,633,True
46,2,673,True
46,2,712,True
46,2,716,True
46,2,721,True
46,2,737,True
46,2,776,True
46,2,781,True
46,2,830,True
46,2,996,True
46,2,1029,True
46,2,1041,True
46,2,1157,True
46,2,1212,True
46,2,1240,True
46,2,1339,True
46,2,1343,True
46,2,1363,True
46,2,1380,True
46,2,1441,True
46,2,1453,True
46,2,1587,True
46,2,1597,True
46,2,1623,True
46,2,1626,True
46,2,1691,True
46,2,1828,True
46,2,1884,True
46,2,1910,True
46,2,1960,True
46,2,1989,True
46,2,2115,True
46,2,2291,True
46,2,2296,True
46,2,2319,True
46,2,2333,True
46,2,2379,True
46,2,2404,True
46,2,2423,True
46,2,2448,True
46,2,2549,True
46,2,2600,True
46,2,2650,True
46,2,2732,True
46,2,2776,True
46,2,2862,True
46,2,2919,True
46,2,3004,True
46,2,3066,True
46,2,3069,True
46,2,3080,True
46,2,3165,True
46,2,3179,True
46,2,3311,True
46,2,3423,True
46,2,3473,True
46,2,3519,True
46,2,3560,True
46,2,3569,True
46,2,3591,True
46,2,3631,True
46,2,3638,True
46,2,3767,True
46,2,3867,True
46,2,3906,True
46,2,3910,True
46,2,4004,True
46,2,4013,True
46,2,4085,True
46,2,4095,True
46,2,4178,True
46,2,4184,True
46,2,4258,True
46,2,4344,True
46,2,4411,True
46,2,4541,True
46,2,4647,True
46,2,4650,True
46,2,4949,True
46,2,5012,True
46,2,5025,True
46,2,5097,True
46,2,5206,True
46,2,5277,True
46,2,5355,True
46,2,5387,True
46,2,5424,True
46,2,5470,True
46,2,5626,True
46,2,5648,True
46,2,5663,True
46,2,5744,True
46,2,5803,True
46,3,38,True
46,3,90,True
46,3,163,True
46,3,212,True
46,3,284,True
46,3,375,True
46,3,407,True
46,3,415,True
46,3,521,True
46,3,609,True
46,3,641,True
46,3,647,True
46,3,693,True
46,3,825,True
46,3,831,True
46,3,865,True
46,3,892,True
46,3,979,True
46,3,1190,True
46,3,1299,True
46,3,1527,True
46,3,1557,True
46,3,1611,True
46,3,1690,True
46,3,1775,True
46,3,1792,True
46,3,1861,True
46,3,1906,True
46,3,1926,True
46,3,1962,True
46,3,1978,True
46,3,2042,True
46,3,2047,True
46,3,2196,True
46,3,2289,True
46,3,2311,True
46,3,2429,True
46,3,2437,True
46,3,2592,True
46,3,2634,True
46,3,2747,True
46,3,2791,True
46,3,2877,True
46,3,2891,True
46,3,2939,True
46,3,3046,True
46,3,3093,True
46,3,3140,True
46,3,3151,True
46,3,3207,True
46,3,3212,True
46,3,3284,True
46,3,3291,True
46,3,3313,True
46,3,3339,True
46,3,3369,True
46,3,3372,True
46,3,3485,True
46,3,3558,True
46,3,3567,True
46,3,3571,True
46,3,3663,True
46,3,3801,True
46,3,3869,True
46,3,3900,True
46,3,3964,True
46,3,3991,True
46,3,4061,True
46,3,4145,True
46,3,4192,True
46,3,4195,True
46,3,4211,True
46,3,4278,True
46,3,4358,True
46,3,4412,True
46,3,4559,True
46,3,4613,True
46,3,4646,True
46,3,4661,True
46,3,4719,True
46,3,4812,True
46,3,4868,True
46,3,4897,True
46,3,5005,True
46,3,5045,True
46,3,5072,True
46,3,5109,True
46,3,5156,True
46,3,5196,True
46,3,5205,True
46,3,5278,True
46,3,5313,True
46,3,5401,True
46,3,5411,True
46,3,5492,True
46,3,5547,True
46,3,5553,True
46,3,5605,True
46,3,5606,True
46,3,5617,True
46,3,5704,True
46,3,5718,True
46,3,5832,True
46,3,5850,True
46,4,134,True
46,4,155,True
46,4,213,True
46,4,277,True
46,4,308,True
46,4,327,True
46,4,338,True
46,4,346,True
46,4,354,True
46,4,431,True
46,4,448,True
46,4,544,True
46,4,650,True
46,4,701,True
46,4,704,True
46,4,748,True
46,4,802,True
46,4,958,True
46,4,982,True
46,4,1062,True
46,4,1080,True
46,4,1113,True
46,4,1149,True
46,4,1565,True
46,4,1595,True
46,4,1604,True
46,4,1614,True
46,4,1631,True
46,4,1839,True
46,4,1909,True
46,4,1915,True
46,4,1920,True
46,4,1929,True
46,4,2082,True
46,4,2116,True
46,4,2145,True
46,4,2187,True
46,4,2191,True
46,4,2217,True
46,4,2232,True
46,4,2247,True
46,4,2284,True
46,4,2304,True
46,4,2334,True
46,4,2367,True
46,4,2402,True
46,4,2440,True
46,4,2446,True
46,4,2504,True
46,4,2571,True
46,4,2618,True
46,4,2673,True
46,4,2689,True
46,4,2712,True
46,4,2717,True
46,4,2744,True
46,4,2806,True
46,4,2831,True
46,4,2868,True
46,4,2905,True
46,4,2967,True
46,4,2998,True
46,4,3010,True
46,4,3097,True
46,4,3137,True
46,4,3215,True
46,4,3289,True
46,4,3324,True
46,4,3417,True
46,4,3425,True
46,4,3469,True
46,4,3492,True
46,4,3504,True
46,4,3603,True
46,4,3664,True
46,4,3709,True
46,4,3733,True
46,4,3762,True
46,4,3765,True
46,4,3830,True
46,4,3972,True
46,4,4034,True
46,4,4102,True
46,4,4107,True
46,4,4157,True
46,4,4207,True
46,4,4248,True
46,4,4304,True
46,4,4323,True
46,4,4396,True
46,4,4397,True
46,4,4638,True
46,4,4680,True
46,4,4737,True
46,4,4778,True
46,4,5091,True
46,4,5281,True
46,4,5385,True
46,4,5413,True
46,4,5543,True
46,4,5672,True
46,4,5752,True
46,4,5772,True
46,4,5806,True
